{
	"class_name" : "PinholeCameraParameters",
	"extrinsic" : 
	[
		0.57808765158412989,
		0.2447007845116829,
		-0.77841903441868165,
		0.0,
		-0.39724876439659945,
		-0.7488893411727845,
		-0.53043206338151161,
		0.0,
		-0.71274685988176811,
		0.61586222545075764,
		-0.33571659624081662,
		0.0,
		0.55778172559096251,
		0.63340851536453369,
		6.0756392180923253,
		1.0
	],
	"intrinsic" : 
	{
		"height" : 1080,
		"intrinsic_matrix" : 
		[
			935.30743608719376,
			0.0,
			0.0,
			0.0,
			935.30743608719376,
			0.0,
			959.5,
			539.5,
			1.0
		],
		"width" : 1920
	},
	"version_major" : 1,
	"version_minor" : 0
}